mean,median,mode
1846.60411500000000000000,250.0000000000000000,150.0000000000000000
